identity/LineItemId,identity/TimeInterval,lineItem/UsageStartDate,lineItem/UsageEndDate,lineItem/ProductCode,lineItem/UsageType,lineItem/Operation,lineItem/UsageAmount,lineItem/UnblendedCost,lineItem/BlendedCost,lineItem/LineItemType,product/region,resourceTags/user:Service,resourceTags/user:Team,resourceTags/user:Env
ffd4e393-e64e-ff3a-b261-c70a39b5d585,2026-02-17T00:00:00Z/2026-02-18T00:00:00Z,2026-02-17T00:00:00Z,2026-02-18T00:00:00Z,AmazonEC2,BoxUsage:m5.xlarge,RunInstances,16.2201,1.741891,1.804608,Usage,us-east-1,,,prod
307221ce-e55d-2409-0e03-c09fb8b0b5b5,2026-02-17T00:00:00Z/2026-02-18T00:00:00Z,2026-02-17T00:00:00Z,2026-02-18T00:00:00Z,AmazonEC2,BoxUsage:m5.xlarge,RunInstances,17.3308,2.054343,2.007871,Usage,us-east-1,,,prod
5f993d17-512b-db58-b48f-e3e0588fdbc3,2026-02-17T00:00:00Z/2026-02-18T00:00:00Z,2026-02-17T00:00:00Z,2026-02-18T00:00:00Z,AmazonEC2,BoxUsage:m5.xlarge,RunInstances,19.3157,1.716187,1.739169,Usage,us-east-1,,,prod
828844ba-d4f9-cb5f-4e48-65f0a24294d2,2026-02-17T00:00:00Z/2026-02-18T00:00:00Z,2026-02-17T00:00:00Z,2026-02-18T00:00:00Z,AmazonEC2,BoxUsage:m5.xlarge,RunInstances,21.8992,2.113192,2.047209,Usage,us-east-1,,,prod
3a5fe1c5-a651-53da-fb8a-663f93db32ce,2026-02-17T00:00:00Z/2026-02-18T00:00:00Z,2026-02-17T00:00:00Z,2026-02-18T00:00:00Z,AmazonEC2,BoxUsage:m5.xlarge,RunInstances,6.5211,1.869783,1.796687,Usage,us-east-1,,,prod
9d12e89d-be8b-4bac-c24a-8cf612116f68,2026-02-17T00:00:00Z/2026-02-18T00:00:00Z,2026-02-17T00:00:00Z,2026-02-18T00:00:00Z,AmazonEC2,NatGateway-Hours,RunInstances,6.9582,1.94058,2.015058,Usage,us-east-1,,,prod
cb417688-4619-0a5d-aa72-94891732a13d,2026-02-17T00:00:00Z/2026-02-18T00:00:00Z,2026-02-17T00:00:00Z,2026-02-18T00:00:00Z,AmazonEC2,BoxUsage:m5.xlarge,RunInstances,22.5741,34.914194,35.22692,Usage,us-east-1,,,prod
9f12280b-6976-adfd-8c0e-527c3c5e283c,2026-02-17T00:00:00Z/2026-02-18T00:00:00Z,2026-02-17T00:00:00Z,2026-02-18T00:00:00Z,AmazonEC2,BoxUsage:m5.xlarge,RunInstances,2.2494,38.045533,39.068517,Usage,us-east-1,,,prod
a406a54e-a344-eb1f-8237-1c6a2ccdf7aa,2026-02-17T00:00:00Z/2026-02-18T00:00:00Z,2026-02-17T00:00:00Z,2026-02-18T00:00:00Z,AmazonEC2,Other,RunInstances,14.3174,41.576373,40.171985,Usage,us-east-1,,,prod
150ce396-32dc-6384-e284-4b275b2c1f9c,2026-02-18T00:00:00Z/2026-02-19T00:00:00Z,2026-02-18T00:00:00Z,2026-02-19T00:00:00Z,AmazonEC2,BoxUsage:m5.xlarge,RunInstances,7.2044,2.002449,1.990921,Usage,us-east-1,,,prod
84a40672-d12b-907e-fca0-1079431ed60a,2026-02-18T00:00:00Z/2026-02-19T00:00:00Z,2026-02-18T00:00:00Z,2026-02-19T00:00:00Z,AmazonEC2,BoxUsage:m5.xlarge,RunInstances,11.9103,1.744982,1.730207,Usage,us-east-1,,,prod
dc7af758-ff61-2fa2-68c9-960660d23e34,2026-02-18T00:00:00Z/2026-02-19T00:00:00Z,2026-02-18T00:00:00Z,2026-02-19T00:00:00Z,AmazonEC2,BoxUsage:m5.xlarge,RunInstances,8.231,2.126821,2.199556,Usage,us-east-1,,,prod
08debb98-502a-ec1c-8a3b-bcf09fac3a8d,2026-02-18T00:00:00Z/2026-02-19T00:00:00Z,2026-02-18T00:00:00Z,2026-02-19T00:00:00Z,AmazonEC2,BoxUsage:m5.xlarge,RunInstances,13.2022,1.71288,1.639012,Usage,us-east-1,,,prod
313882af-b34a-eeee-f9db-d1af13e5c504,2026-02-18T00:00:00Z/2026-02-19T00:00:00Z,2026-02-18T00:00:00Z,2026-02-19T00:00:00Z,AmazonEC2,BoxUsage:m5.xlarge,RunInstances,9.6148,1.862535,1.809178,Usage,us-east-1,,,prod
346ef9d8-8094-eef3-9ab8-468acfd37eaf,2026-02-18T00:00:00Z/2026-02-19T00:00:00Z,2026-02-18T00:00:00Z,2026-02-19T00:00:00Z,AmazonEC2,NatGateway-Hours,RunInstances,19.1883,2.065121,1.979681,Usage,us-east-1,,,prod
b597995b-e171-7c8e-b764-da12ea5f0fc0,2026-02-18T00:00:00Z/2026-02-19T00:00:00Z,2026-02-18T00:00:00Z,2026-02-19T00:00:00Z,AmazonEC2,BoxUsage:m5.xlarge,RunInstances,20.6333,44.074582,45.594044,Usage,us-east-1,,,prod
d7050d50-0b66-92ab-3641-302af6c01c07,2026-02-18T00:00:00Z/2026-02-19T00:00:00Z,2026-02-18T00:00:00Z,2026-02-19T00:00:00Z,AmazonEC2,BoxUsage:m5.xlarge,RunInstances,17.7201,43.637989,44.959729,Usage,us-east-1,,,prod
3e2eb9b3-ab9d-1a7e-009a-d11ed42f74a1,2026-02-18T00:00:00Z/2026-02-19T00:00:00Z,2026-02-18T00:00:00Z,2026-02-19T00:00:00Z,AmazonEC2,Other,RunInstances,10.8588,41.071643,40.685032,Usage,us-east-1,,,prod
e8d7f47c-7dce-adec-d370-b4f281e05234,2026-02-19T00:00:00Z/2026-02-20T00:00:00Z,2026-02-19T00:00:00Z,2026-02-20T00:00:00Z,AmazonEC2,BoxUsage:m5.xlarge,RunInstances,2.8976,1.79963,1.767738,Usage,us-east-1,,,prod
f610f94d-fc25-a4f7-253c-ba2d4de4e846,2026-02-19T00:00:00Z/2026-02-20T00:00:00Z,2026-02-19T00:00:00Z,2026-02-20T00:00:00Z,AmazonEC2,BoxUsage:m5.xlarge,RunInstances,17.0274,2.004183,1.975074,Usage,us-east-1,,,prod
eadb5c0f-8c93-d6e4-103e-37c1c0001ef1,2026-02-19T00:00:00Z/2026-02-20T00:00:00Z,2026-02-19T00:00:00Z,2026-02-20T00:00:00Z,AmazonEC2,BoxUsage:m5.xlarge,RunInstances,19.18,1.776845,1.804531,Usage,us-east-1,,,prod
d5401f04-7b65-8aa9-0953-089195d51f27,2026-02-19T00:00:00Z/2026-02-20T00:00:00Z,2026-02-19T00:00:00Z,2026-02-20T00:00:00Z,AmazonEC2,BoxUsage:m5.xlarge,RunInstances,21.8223,2.253665,2.149561,Usage,us-east-1,,,prod
87afa755-00c0-dff0-9adb-4e0ac0b19498,2026-02-19T00:00:00Z/2026-02-20T00:00:00Z,2026-02-19T00:00:00Z,2026-02-20T00:00:00Z,AmazonEC2,BoxUsage:m5.xlarge,RunInstances,21.4777,1.753825,1.760527,Usage,us-east-1,,,prod
9b369376-2135-d0a7-1c84-19d167b4ef9e,2026-02-19T00:00:00Z/2026-02-20T00:00:00Z,2026-02-19T00:00:00Z,2026-02-20T00:00:00Z,AmazonEC2,NatGateway-Hours,RunInstances,1.3418,2.028648,2.117504,Usage,us-east-1,,,prod
3b521ee1-b35a-db56-d144-a7da0cd5eabd,2026-02-19T00:00:00Z/2026-02-20T00:00:00Z,2026-02-19T00:00:00Z,2026-02-20T00:00:00Z,AmazonEC2,BoxUsage:m5.xlarge,RunInstances,8.4075,40.650868,41.42042,Usage,us-east-1,,,prod
ab92942a-4bc2-91d5-70a9-b2e3d857228c,2026-02-19T00:00:00Z/2026-02-20T00:00:00Z,2026-02-19T00:00:00Z,2026-02-20T00:00:00Z,AmazonEC2,BoxUsage:m5.xlarge,RunInstances,2.6636,44.207051,44.968582,Usage,us-east-1,,,prod
8babfce6-5f31-681b-2869-c2dc926ed84a,2026-02-19T00:00:00Z/2026-02-20T00:00:00Z,2026-02-19T00:00:00Z,2026-02-20T00:00:00Z,AmazonEC2,Other,RunInstances,19.4308,36.578262,34.919976,Usage,us-east-1,,,prod
503c7b67-5b77-516e-05dd-7a01475f7006,2026-02-20T00:00:00Z/2026-02-21T00:00:00Z,2026-02-20T00:00:00Z,2026-02-21T00:00:00Z,AmazonEC2,BoxUsage:m5.xlarge,RunInstances,11.5943,2.236151,2.323587,Usage,us-east-1,,,prod
a454299e-c6fc-875f-6619-9aded1b967ef,2026-02-20T00:00:00Z/2026-02-21T00:00:00Z,2026-02-20T00:00:00Z,2026-02-21T00:00:00Z,AmazonEC2,BoxUsage:m5.xlarge,RunInstances,5.0411,2.075448,2.129427,Usage,us-east-1,,,prod
6b76c690-5197-ba51-d575-ec55986c94d1,2026-02-20T00:00:00Z/2026-02-21T00:00:00Z,2026-02-20T00:00:00Z,2026-02-21T00:00:00Z,AmazonEC2,BoxUsage:m5.xlarge,RunInstances,11.6537,2.070243,2.162858,Usage,us-east-1,,,prod
07d16816-d6d8-a8a9-f8ea-bd2f88ff93b3,2026-02-20T00:00:00Z/2026-02-21T00:00:00Z,2026-02-20T00:00:00Z,2026-02-21T00:00:00Z,AmazonEC2,BoxUsage:m5.xlarge,RunInstances,13.321,2.017356,1.989974,Usage,us-east-1,,,prod
dd16a175-8f53-5304-dd40-8761af7e0df6,2026-02-20T00:00:00Z/2026-02-21T00:00:00Z,2026-02-20T00:00:00Z,2026-02-21T00:00:00Z,AmazonEC2,BoxUsage:m5.xlarge,RunInstances,19.3475,2.282091,2.368466,Usage,us-east-1,,,prod
539059f5-8b81-ceef-aa97-9665d14fcc8b,2026-02-20T00:00:00Z/2026-02-21T00:00:00Z,2026-02-20T00:00:00Z,2026-02-21T00:00:00Z,AmazonEC2,NatGateway-Hours,RunInstances,6.5046,2.115736,2.219613,Usage,us-east-1,,,prod
71b77b21-11c2-0cb1-1201-f86e50388456,2026-02-20T00:00:00Z/2026-02-21T00:00:00Z,2026-02-20T00:00:00Z,2026-02-21T00:00:00Z,AmazonEC2,BoxUsage:m5.xlarge,RunInstances,22.1961,45.40411,43.182958,Usage,us-east-1,,,prod
51f15678-405a-3425-b571-da86f1066f5f,2026-02-20T00:00:00Z/2026-02-21T00:00:00Z,2026-02-20T00:00:00Z,2026-02-21T00:00:00Z,AmazonEC2,BoxUsage:m5.xlarge,RunInstances,11.0186,42.814747,41.773432,Usage,us-east-1,,,prod
c8533425-de64-185c-75c8-3b44c65295bb,2026-02-20T00:00:00Z/2026-02-21T00:00:00Z,2026-02-20T00:00:00Z,2026-02-21T00:00:00Z,AmazonEC2,Other,RunInstances,3.8461,39.952442,38.75225,Usage,us-east-1,,,prod
b0837646-4a35-7d4d-a381-819847ce0ac1,2026-02-21T00:00:00Z/2026-02-22T00:00:00Z,2026-02-21T00:00:00Z,2026-02-22T00:00:00Z,AmazonEC2,BoxUsage:m5.xlarge,RunInstances,19.0889,2.170421,2.195275,Usage,us-east-1,,,prod
855a513c-36d5-86bc-cc63-9a4ce9bb2cc9,2026-02-21T00:00:00Z/2026-02-22T00:00:00Z,2026-02-21T00:00:00Z,2026-02-22T00:00:00Z,AmazonEC2,BoxUsage:m5.xlarge,RunInstances,15.8651,2.116109,2.046431,Usage,us-east-1,,,prod
76fc559e-f46d-76c4-ac81-08ecda447fd1,2026-02-21T00:00:00Z/2026-02-22T00:00:00Z,2026-02-21T00:00:00Z,2026-02-22T00:00:00Z,AmazonEC2,BoxUsage:m5.xlarge,RunInstances,5.4681,2.225779,2.12399,Usage,us-east-1,,,prod
99d6613c-5d19-933b-bdcc-eb3b019d13ed,2026-02-21T00:00:00Z/2026-02-22T00:00:00Z,2026-02-21T00:00:00Z,2026-02-22T00:00:00Z,AmazonEC2,BoxUsage:m5.xlarge,RunInstances,6.618,1.972479,1.972891,Usage,us-east-1,,,prod
f30cd01d-7c73-7c9f-18ee-2bc29c415a48,2026-02-21T00:00:00Z/2026-02-22T00:00:00Z,2026-02-21T00:00:00Z,2026-02-22T00:00:00Z,AmazonEC2,BoxUsage:m5.xlarge,RunInstances,22.8716,2.035596,2.047692,Usage,us-east-1,,,prod
d1996e12-8e7c-8990-ed4e-3279b7809b04,2026-02-21T00:00:00Z/2026-02-22T00:00:00Z,2026-02-21T00:00:00Z,2026-02-22T00:00:00Z,AmazonEC2,NatGateway-Hours,RunInstances,7.7658,1.959073,1.935354,Usage,us-east-1,,,prod
4dda0683-4ada-8d09-6433-494e4ed1b3a7,2026-02-21T00:00:00Z/2026-02-22T00:00:00Z,2026-02-21T00:00:00Z,2026-02-22T00:00:00Z,AmazonEC2,BoxUsage:m5.xlarge,RunInstances,23.5974,41.435748,40.950038,Usage,us-east-1,,,prod
fc820922-35da-178a-59c7-a70e958cb01c,2026-02-21T00:00:00Z/2026-02-22T00:00:00Z,2026-02-21T00:00:00Z,2026-02-22T00:00:00Z,AmazonEC2,BoxUsage:m5.xlarge,RunInstances,23.4137,42.929308,43.306045,Usage,us-east-1,,,prod
142d6b23-d185-5d84-c0a1-e40434189503,2026-02-21T00:00:00Z/2026-02-22T00:00:00Z,2026-02-21T00:00:00Z,2026-02-22T00:00:00Z,AmazonEC2,Other,RunInstances,20.9746,42.510141,44.567681,Usage,us-east-1,,,prod
fa97e1c1-2f0b-cc0e-4cdd-8921c7a23158,2026-02-22T00:00:00Z/2026-02-23T00:00:00Z,2026-02-22T00:00:00Z,2026-02-23T00:00:00Z,AmazonEC2,BoxUsage:m5.xlarge,RunInstances,11.5375,1.875825,1.922091,Usage,us-east-1,,,prod
8518a77b-fcbf-0b3f-18e2-73843e989f63,2026-02-22T00:00:00Z/2026-02-23T00:00:00Z,2026-02-22T00:00:00Z,2026-02-23T00:00:00Z,AmazonEC2,BoxUsage:m5.xlarge,RunInstances,10.9183,1.844291,1.836443,Usage,us-east-1,,,prod
a06034b8-4f6d-76d8-2772-d72b68c468e4,2026-02-22T00:00:00Z/2026-02-23T00:00:00Z,2026-02-22T00:00:00Z,2026-02-23T00:00:00Z,AmazonEC2,BoxUsage:m5.xlarge,RunInstances,5.441,1.825488,1.81138,Usage,us-east-1,,,prod
eeb6334f-c19a-0f84-32cd-1707ccd07b7a,2026-02-22T00:00:00Z/2026-02-23T00:00:00Z,2026-02-22T00:00:00Z,2026-02-23T00:00:00Z,AmazonEC2,BoxUsage:m5.xlarge,RunInstances,11.8268,2.286263,2.36381,Usage,us-east-1,,,prod
0a2b10bc-f420-8a4c-b7ee-c5fb50c86806,2026-02-22T00:00:00Z/2026-02-23T00:00:00Z,2026-02-22T00:00:00Z,2026-02-23T00:00:00Z,AmazonEC2,BoxUsage:m5.xlarge,RunInstances,3.0045,2.004658,2.06228,Usage,us-east-1,,,prod
45adeeaa-2c60-c87d-6e89-d6148f0c38ad,2026-02-22T00:00:00Z/2026-02-23T00:00:00Z,2026-02-22T00:00:00Z,2026-02-23T00:00:00Z,AmazonEC2,NatGateway-Hours,RunInstances,4.3608,2.273659,2.206341,Usage,us-east-1,,,prod
2a362de5-a77a-bfe6-e374-5e4d3b08b568,2026-02-22T00:00:00Z/2026-02-23T00:00:00Z,2026-02-22T00:00:00Z,2026-02-23T00:00:00Z,AmazonEC2,BoxUsage:m5.xlarge,RunInstances,5.868,41.20739,42.855832,Usage,us-east-1,,,prod
8b54e627-7bc8-c5c8-b3d4-978f693f0a1e,2026-02-22T00:00:00Z/2026-02-23T00:00:00Z,2026-02-22T00:00:00Z,2026-02-23T00:00:00Z,AmazonEC2,BoxUsage:m5.xlarge,RunInstances,14.0759,38.497353,40.318421,Usage,us-east-1,,,prod
dbd5c26e-9762-ccd4-7eb9-827c7041814b,2026-02-22T00:00:00Z/2026-02-23T00:00:00Z,2026-02-22T00:00:00Z,2026-02-23T00:00:00Z,AmazonEC2,Other,RunInstances,7.0093,34.596618,34.614299,Usage,us-east-1,,,prod
b287508a-c055-e196-4553-661dd4624dc3,2026-02-23T00:00:00Z/2026-02-24T00:00:00Z,2026-02-23T00:00:00Z,2026-02-24T00:00:00Z,AmazonEC2,BoxUsage:m5.xlarge,RunInstances,15.9448,1.993197,2.004795,Usage,us-east-1,,,prod
98c02eff-377d-8e71-578c-6fdc8b57f9ca,2026-02-23T00:00:00Z/2026-02-24T00:00:00Z,2026-02-23T00:00:00Z,2026-02-24T00:00:00Z,AmazonEC2,BoxUsage:m5.xlarge,RunInstances,2.6349,1.994417,1.965236,Usage,us-east-1,,,prod
5c43a5a2-b422-029d-8bf6-96f3def0603c,2026-02-23T00:00:00Z/2026-02-24T00:00:00Z,2026-02-23T00:00:00Z,2026-02-24T00:00:00Z,AmazonEC2,BoxUsage:m5.xlarge,RunInstances,23.5224,2.062168,1.977451,Usage,us-east-1,,,prod
01bd8d74-40dc-914f-3db9-21cdc576cfc2,2026-02-23T00:00:00Z/2026-02-24T00:00:00Z,2026-02-23T00:00:00Z,2026-02-24T00:00:00Z,AmazonEC2,BoxUsage:m5.xlarge,RunInstances,12.2227,2.265621,2.278711,Usage,us-east-1,,,prod
c9414796-c3af-9380-77e6-872f54469988,2026-02-23T00:00:00Z/2026-02-24T00:00:00Z,2026-02-23T00:00:00Z,2026-02-24T00:00:00Z,AmazonEC2,BoxUsage:m5.xlarge,RunInstances,10.0106,1.827785,1.79907,Usage,us-east-1,,,prod
97eac5e4-5ac1-cf31-a8b5-92b06c71c4e7,2026-02-23T00:00:00Z/2026-02-24T00:00:00Z,2026-02-23T00:00:00Z,2026-02-24T00:00:00Z,AmazonEC2,NatGateway-Hours,RunInstances,19.7832,2.286029,2.368136,Usage,us-east-1,,,prod
b35616f2-1e20-8604-b218-7b85986938eb,2026-02-23T00:00:00Z/2026-02-24T00:00:00Z,2026-02-23T00:00:00Z,2026-02-24T00:00:00Z,AmazonEC2,BoxUsage:m5.xlarge,RunInstances,22.3061,45.324269,44.072694,Usage,us-east-1,,,prod
6125e1da-0012-40c6-8b11-2dbe65aebec7,2026-02-23T00:00:00Z/2026-02-24T00:00:00Z,2026-02-23T00:00:00Z,2026-02-24T00:00:00Z,AmazonEC2,BoxUsage:m5.xlarge,RunInstances,7.6798,37.466086,36.708062,Usage,us-east-1,,,prod
90976524-6722-7fe1-ec15-4ef6067e71c9,2026-02-23T00:00:00Z/2026-02-24T00:00:00Z,2026-02-23T00:00:00Z,2026-02-24T00:00:00Z,AmazonEC2,Other,RunInstances,9.4862,45.061099,45.81344,Usage,us-east-1,,,prod
21f1031b-c4fc-791b-b261-ccb88204a5dc,2026-02-24T00:00:00Z/2026-02-25T00:00:00Z,2026-02-24T00:00:00Z,2026-02-25T00:00:00Z,AmazonEC2,BoxUsage:m5.xlarge,RunInstances,1.3619,1.772977,1.801251,Usage,us-east-1,,,prod
d1e2c12f-7c31-23c0-836a-c9c8a235a9a3,2026-02-24T00:00:00Z/2026-02-25T00:00:00Z,2026-02-24T00:00:00Z,2026-02-25T00:00:00Z,AmazonEC2,BoxUsage:m5.xlarge,RunInstances,22.4216,2.044283,2.015186,Usage,us-east-1,,,prod
f602200a-9807-7894-19ab-c17f1e4f01f6,2026-02-24T00:00:00Z/2026-02-25T00:00:00Z,2026-02-24T00:00:00Z,2026-02-25T00:00:00Z,AmazonEC2,BoxUsage:m5.xlarge,RunInstances,20.113,1.702739,1.65011,Usage,us-east-1,,,prod
97a68a8b-add2-a9d1-42db-2c1cc7973221,2026-02-24T00:00:00Z/2026-02-25T00:00:00Z,2026-02-24T00:00:00Z,2026-02-25T00:00:00Z,AmazonEC2,BoxUsage:m5.xlarge,RunInstances,16.7836,2.277545,2.167558,Usage,us-east-1,,,prod
342ab3e0-b3b5-5810-e910-daabfe777013,2026-02-24T00:00:00Z/2026-02-25T00:00:00Z,2026-02-24T00:00:00Z,2026-02-25T00:00:00Z,AmazonEC2,BoxUsage:m5.xlarge,RunInstances,1.5106,1.807583,1.813574,Usage,us-east-1,,,prod
4bb8f6b6-8234-9b5d-f296-46dc0fa6606a,2026-02-24T00:00:00Z/2026-02-25T00:00:00Z,2026-02-24T00:00:00Z,2026-02-25T00:00:00Z,AmazonEC2,NatGateway-Hours,RunInstances,1.0448,2.04824,2.079683,Usage,us-east-1,,,prod
a796d88f-3c54-8906-ae66-d9cba189d61d,2026-02-24T00:00:00Z/2026-02-25T00:00:00Z,2026-02-24T00:00:00Z,2026-02-25T00:00:00Z,AmazonEC2,BoxUsage:m5.xlarge,RunInstances,20.4204,35.60278,35.81659,Usage,us-east-1,,,prod
2ca52969-8e8a-9e04-1750-e75ee9dd3927,2026-02-24T00:00:00Z/2026-02-25T00:00:00Z,2026-02-24T00:00:00Z,2026-02-25T00:00:00Z,AmazonEC2,BoxUsage:m5.xlarge,RunInstances,21.0725,44.911824,44.857453,Usage,us-east-1,,,prod
836c0090-a63e-9a65-b8e7-4195385966dd,2026-02-24T00:00:00Z/2026-02-25T00:00:00Z,2026-02-24T00:00:00Z,2026-02-25T00:00:00Z,AmazonEC2,Other,RunInstances,15.1748,43.633061,41.957899,Usage,us-east-1,,,prod
54d6c02f-ac92-9cc6-c0e0-d55c70314955,2026-02-25T00:00:00Z/2026-02-26T00:00:00Z,2026-02-25T00:00:00Z,2026-02-26T00:00:00Z,AmazonEC2,BoxUsage:m5.xlarge,RunInstances,12.4019,1.741605,1.673735,Usage,us-east-1,,,prod
afa81a71-cf07-cfbe-df36-beaf3db30296,2026-02-25T00:00:00Z/2026-02-26T00:00:00Z,2026-02-25T00:00:00Z,2026-02-26T00:00:00Z,AmazonEC2,BoxUsage:m5.xlarge,RunInstances,7.112,2.243857,2.300189,Usage,us-east-1,,,prod
745f7dea-6de9-da1b-87a2-c4943dd66bf1,2026-02-25T00:00:00Z/2026-02-26T00:00:00Z,2026-02-25T00:00:00Z,2026-02-26T00:00:00Z,AmazonEC2,BoxUsage:m5.xlarge,RunInstances,18.754,1.901001,1.943332,Usage,us-east-1,,,prod
197eda24-a888-88f2-d6f4-b39b371ff37a,2026-02-25T00:00:00Z/2026-02-26T00:00:00Z,2026-02-25T00:00:00Z,2026-02-26T00:00:00Z,AmazonEC2,BoxUsage:m5.xlarge,RunInstances,19.6016,1.770064,1.814914,Usage,us-east-1,,,prod
b0acd163-5ab3-a903-0a2b-ab3a466f9f61,2026-02-25T00:00:00Z/2026-02-26T00:00:00Z,2026-02-25T00:00:00Z,2026-02-26T00:00:00Z,AmazonEC2,BoxUsage:m5.xlarge,RunInstances,19.8393,1.837543,1.88952,Usage,us-east-1,,,prod
b6b212ee-15b3-b256-0521-1406a0db15ab,2026-02-25T00:00:00Z/2026-02-26T00:00:00Z,2026-02-25T00:00:00Z,2026-02-26T00:00:00Z,AmazonEC2,NatGateway-Hours,RunInstances,11.1934,1.879817,1.931051,Usage,us-east-1,,,prod
f364cc1a-2edc-f12f-007e-8ae1e50f064d,2026-02-25T00:00:00Z/2026-02-26T00:00:00Z,2026-02-25T00:00:00Z,2026-02-26T00:00:00Z,AmazonEC2,BoxUsage:m5.xlarge,RunInstances,10.1869,41.206878,43.1994,Usage,us-east-1,,,prod
9753deb4-7c27-2324-29bf-60c27e920f74,2026-02-25T00:00:00Z/2026-02-26T00:00:00Z,2026-02-25T00:00:00Z,2026-02-26T00:00:00Z,AmazonEC2,BoxUsage:m5.xlarge,RunInstances,1.2867,39.119634,40.515929,Usage,us-east-1,,,prod
4f7418b4-8896-9a10-c565-f33cad22ac08,2026-02-25T00:00:00Z/2026-02-26T00:00:00Z,2026-02-25T00:00:00Z,2026-02-26T00:00:00Z,AmazonEC2,Other,RunInstances,6.5886,34.236247,33.482984,Usage,us-east-1,,,prod
808a86ad-0b5b-0d38-be1a-cb4e70b556a9,2026-02-26T00:00:00Z/2026-02-27T00:00:00Z,2026-02-26T00:00:00Z,2026-02-27T00:00:00Z,AmazonEC2,BoxUsage:m5.xlarge,RunInstances,17.443,1.799606,1.744414,Usage,us-east-1,,,prod
8ad5c355-1f7d-223a-95b2-15008052cbbf,2026-02-26T00:00:00Z/2026-02-27T00:00:00Z,2026-02-26T00:00:00Z,2026-02-27T00:00:00Z,AmazonEC2,BoxUsage:m5.xlarge,RunInstances,3.9535,2.103642,2.040243,Usage,us-east-1,,,prod
a067ca7e-4d76-e81e-90c5-f58ca571818e,2026-02-26T00:00:00Z/2026-02-27T00:00:00Z,2026-02-26T00:00:00Z,2026-02-27T00:00:00Z,AmazonEC2,BoxUsage:m5.xlarge,RunInstances,1.1131,1.728902,1.696467,Usage,us-east-1,,,prod
0f6f4aa7-be64-90be-cff5-c959024fe2cd,2026-02-26T00:00:00Z/2026-02-27T00:00:00Z,2026-02-26T00:00:00Z,2026-02-27T00:00:00Z,AmazonEC2,BoxUsage:m5.xlarge,RunInstances,18.1773,1.846472,1.76391,Usage,us-east-1,,,prod
146c6f94-8e3b-5c08-0384-b4b59586790a,2026-02-26T00:00:00Z/2026-02-27T00:00:00Z,2026-02-26T00:00:00Z,2026-02-27T00:00:00Z,AmazonEC2,BoxUsage:m5.xlarge,RunInstances,5.9957,2.154022,2.112363,Usage,us-east-1,,,prod
f7f7b9ef-5062-d98b-24c0-22a4e7cef8dd,2026-02-26T00:00:00Z/2026-02-27T00:00:00Z,2026-02-26T00:00:00Z,2026-02-27T00:00:00Z,AmazonEC2,NatGateway-Hours,RunInstances,14.0672,1.724819,1.692647,Usage,us-east-1,,,prod
30f58659-93e3-ee95-3536-380bf0d0736c,2026-02-26T00:00:00Z/2026-02-27T00:00:00Z,2026-02-26T00:00:00Z,2026-02-27T00:00:00Z,AmazonEC2,BoxUsage:m5.xlarge,RunInstances,16.9342,43.99402,42.747828,Usage,us-east-1,,,prod
d1a8913a-df69-a44d-82b5-39e719bf82e3,2026-02-26T00:00:00Z/2026-02-27T00:00:00Z,2026-02-26T00:00:00Z,2026-02-27T00:00:00Z,AmazonEC2,BoxUsage:m5.xlarge,RunInstances,4.4047,43.907965,43.470327,Usage,us-east-1,,,prod
3c97a40a-679d-e44b-c116-5ac9a083cccf,2026-02-26T00:00:00Z/2026-02-27T00:00:00Z,2026-02-26T00:00:00Z,2026-02-27T00:00:00Z,AmazonEC2,Other,RunInstances,14.3459,39.765283,41.501277,Usage,us-east-1,,,prod
29d5131e-5355-50a7-3481-03d5b51dad21,2026-02-27T00:00:00Z/2026-02-28T00:00:00Z,2026-02-27T00:00:00Z,2026-02-28T00:00:00Z,AmazonEC2,BoxUsage:m5.xlarge,RunInstances,7.6365,1.999354,2.079812,Usage,us-east-1,,,prod
6568a5ea-2a4e-eea3-de1a-7868a7bc99f2,2026-02-27T00:00:00Z/2026-02-28T00:00:00Z,2026-02-27T00:00:00Z,2026-02-28T00:00:00Z,AmazonEC2,BoxUsage:m5.xlarge,RunInstances,2.8242,1.878262,1.800424,Usage,us-east-1,,,prod
404086d9-7a2e-286c-f031-8949719042c2,2026-02-27T00:00:00Z/2026-02-28T00:00:00Z,2026-02-27T00:00:00Z,2026-02-28T00:00:00Z,AmazonEC2,BoxUsage:m5.xlarge,RunInstances,12.6284,1.960778,1.880882,Usage,us-east-1,,,prod
f9431c55-f23d-9b2c-d2aa-e1ec7df3328e,2026-02-27T00:00:00Z/2026-02-28T00:00:00Z,2026-02-27T00:00:00Z,2026-02-28T00:00:00Z,AmazonEC2,BoxUsage:m5.xlarge,RunInstances,3.7094,1.742186,1.762173,Usage,us-east-1,,,prod
bb245449-2a35-cf55-7287-c589f6db815b,2026-02-27T00:00:00Z/2026-02-28T00:00:00Z,2026-02-27T00:00:00Z,2026-02-28T00:00:00Z,AmazonEC2,BoxUsage:m5.xlarge,RunInstances,23.1097,1.741853,1.774623,Usage,us-east-1,,,prod
172d2f33-7195-528b-2eea-52bf78d29799,2026-02-27T00:00:00Z/2026-02-28T00:00:00Z,2026-02-27T00:00:00Z,2026-02-28T00:00:00Z,AmazonEC2,NatGateway-Hours,RunInstances,7.1641,1.84172,1.767155,Usage,us-east-1,,,prod
85804012-646f-430f-a79b-42194616cbae,2026-02-27T00:00:00Z/2026-02-28T00:00:00Z,2026-02-27T00:00:00Z,2026-02-28T00:00:00Z,AmazonEC2,BoxUsage:m5.xlarge,RunInstances,1.9213,37.257339,37.660675,Usage,us-east-1,,,prod
6ed65156-9a7f-fdfb-f971-32e7145d24cd,2026-02-27T00:00:00Z/2026-02-28T00:00:00Z,2026-02-27T00:00:00Z,2026-02-28T00:00:00Z,AmazonEC2,BoxUsage:m5.xlarge,RunInstances,5.1329,39.051166,37.432512,Usage,us-east-1,,,prod
edcbcda7-da0c-04e3-32a1-d22aa3dff3d0,2026-02-27T00:00:00Z/2026-02-28T00:00:00Z,2026-02-27T00:00:00Z,2026-02-28T00:00:00Z,AmazonEC2,Other,RunInstances,18.1723,42.307316,41.364305,Usage,us-east-1,,,prod
041b26b9-4de1-e572-752f-76ea209f5ac2,2026-02-28T00:00:00Z/2026-03-01T00:00:00Z,2026-02-28T00:00:00Z,2026-03-01T00:00:00Z,AmazonEC2,BoxUsage:m5.xlarge,RunInstances,17.525,2.251663,2.149642,Usage,us-east-1,,,prod
aa091db7-5716-a4b3-3367-5640c1a24a1f,2026-02-28T00:00:00Z/2026-03-01T00:00:00Z,2026-02-28T00:00:00Z,2026-03-01T00:00:00Z,AmazonEC2,BoxUsage:m5.xlarge,RunInstances,2.2025,1.749688,1.691768,Usage,us-east-1,,,prod
d23d7c06-f602-b4fd-d23d-34241e06534b,2026-02-28T00:00:00Z/2026-03-01T00:00:00Z,2026-02-28T00:00:00Z,2026-03-01T00:00:00Z,AmazonEC2,BoxUsage:m5.xlarge,RunInstances,8.5258,2.197061,2.216762,Usage,us-east-1,,,prod
17d1f9bf-5938-3f12-07af-ef1da2e4b254,2026-02-28T00:00:00Z/2026-03-01T00:00:00Z,2026-02-28T00:00:00Z,2026-03-01T00:00:00Z,AmazonEC2,BoxUsage:m5.xlarge,RunInstances,13.3664,1.760114,1.791022,Usage,us-east-1,,,prod
0a85a650-f7a5-5859-d68f-4a1887894c32,2026-02-28T00:00:00Z/2026-03-01T00:00:00Z,2026-02-28T00:00:00Z,2026-03-01T00:00:00Z,AmazonEC2,BoxUsage:m5.xlarge,RunInstances,6.9061,2.04352,2.053839,Usage,us-east-1,,,prod
c7f960eb-81f5-a1b4-680f-cce9e1ebbcfe,2026-02-28T00:00:00Z/2026-03-01T00:00:00Z,2026-02-28T00:00:00Z,2026-03-01T00:00:00Z,AmazonEC2,NatGateway-Hours,RunInstances,11.2916,1.765857,1.725079,Usage,us-east-1,,,prod
42dbf444-ab48-2116-1b55-4a2d7a3c31f4,2026-02-28T00:00:00Z/2026-03-01T00:00:00Z,2026-02-28T00:00:00Z,2026-03-01T00:00:00Z,AmazonEC2,BoxUsage:m5.xlarge,RunInstances,1.441,34.620734,34.524653,Usage,us-east-1,,,prod
720edd3c-957a-9e3b-541f-57481b22505e,2026-02-28T00:00:00Z/2026-03-01T00:00:00Z,2026-02-28T00:00:00Z,2026-03-01T00:00:00Z,AmazonEC2,BoxUsage:m5.xlarge,RunInstances,9.3531,39.528863,40.012023,Usage,us-east-1,,,prod
c9b40c91-1d0a-05fa-ce93-246baa7c3e3c,2026-02-28T00:00:00Z/2026-03-01T00:00:00Z,2026-02-28T00:00:00Z,2026-03-01T00:00:00Z,AmazonEC2,Other,RunInstances,10.5073,37.325234,36.797254,Usage,us-east-1,,,prod
dcf8fad2-5f6b-3c96-3164-20f15ab38b67,2026-03-01T00:00:00Z/2026-03-02T00:00:00Z,2026-03-01T00:00:00Z,2026-03-02T00:00:00Z,AmazonEC2,BoxUsage:m5.xlarge,RunInstances,21.0555,1.881955,1.956104,Usage,us-east-1,,,prod
7f3a8e75-2f92-68fe-4820-ad05afb69123,2026-03-01T00:00:00Z/2026-03-02T00:00:00Z,2026-03-01T00:00:00Z,2026-03-02T00:00:00Z,AmazonEC2,BoxUsage:m5.xlarge,RunInstances,22.1769,1.982372,2.059152,Usage,us-east-1,,,prod
79f04e1c-e8df-0103-6dcd-abe5185fd41f,2026-03-01T00:00:00Z/2026-03-02T00:00:00Z,2026-03-01T00:00:00Z,2026-03-02T00:00:00Z,AmazonEC2,BoxUsage:m5.xlarge,RunInstances,23.3083,2.048099,2.072529,Usage,us-east-1,,,prod
e0e4973c-008d-e23b-9205-ea87c51f4a3b,2026-03-01T00:00:00Z/2026-03-02T00:00:00Z,2026-03-01T00:00:00Z,2026-03-02T00:00:00Z,AmazonEC2,BoxUsage:m5.xlarge,RunInstances,2.8663,1.83997,1.833555,Usage,us-east-1,,,prod
f6d6400a-a824-d08f-3104-bfb3051791ca,2026-03-01T00:00:00Z/2026-03-02T00:00:00Z,2026-03-01T00:00:00Z,2026-03-02T00:00:00Z,AmazonEC2,BoxUsage:m5.xlarge,RunInstances,23.5912,2.103198,2.193198,Usage,us-east-1,,,prod
dab8164a-c180-f198-74fd-82b491910692,2026-03-01T00:00:00Z/2026-03-02T00:00:00Z,2026-03-01T00:00:00Z,2026-03-02T00:00:00Z,AmazonEC2,NatGateway-Hours,RunInstances,1.3282,2.272095,2.304262,Usage,us-east-1,,,prod
5f6af7de-8ee8-1fce-9225-c538e9f4a944,2026-03-01T00:00:00Z/2026-03-02T00:00:00Z,2026-03-01T00:00:00Z,2026-03-02T00:00:00Z,AmazonEC2,BoxUsage:m5.xlarge,RunInstances,8.7553,42.233638,43.967164,Usage,us-east-1,,,prod
5ae35816-77a0-4894-bb71-6ea6c46434f2,2026-03-01T00:00:00Z/2026-03-02T00:00:00Z,2026-03-01T00:00:00Z,2026-03-02T00:00:00Z,AmazonEC2,BoxUsage:m5.xlarge,RunInstances,7.2452,34.923856,35.669454,Usage,us-east-1,,,prod
ec9e9513-72f8-5aa3-0df7-9440d8a966dc,2026-03-01T00:00:00Z/2026-03-02T00:00:00Z,2026-03-01T00:00:00Z,2026-03-02T00:00:00Z,AmazonEC2,Other,RunInstances,4.2839,44.737452,44.709466,Usage,us-east-1,,,prod
b4079e11-b4cb-fb93-13c4-31728fbe9a7d,2026-03-02T00:00:00Z/2026-03-03T00:00:00Z,2026-03-02T00:00:00Z,2026-03-03T00:00:00Z,AmazonEC2,BoxUsage:m5.xlarge,RunInstances,9.1246,2.007603,2.088178,Usage,us-east-1,,,prod
3bcf2980-c9ff-7be9-e9e4-221e6c76e93f,2026-03-02T00:00:00Z/2026-03-03T00:00:00Z,2026-03-02T00:00:00Z,2026-03-03T00:00:00Z,AmazonEC2,BoxUsage:m5.xlarge,RunInstances,7.6992,2.019494,2.044725,Usage,us-east-1,,,prod
4a55e98e-48ba-fff2-a877-221cdb9945d8,2026-03-02T00:00:00Z/2026-03-03T00:00:00Z,2026-03-02T00:00:00Z,2026-03-03T00:00:00Z,AmazonEC2,BoxUsage:m5.xlarge,RunInstances,12.9519,1.82692,1.807096,Usage,us-east-1,,,prod
d09d0fd1-84ff-e9f8-c12d-f204374f01eb,2026-03-02T00:00:00Z/2026-03-03T00:00:00Z,2026-03-02T00:00:00Z,2026-03-03T00:00:00Z,AmazonEC2,BoxUsage:m5.xlarge,RunInstances,9.499,2.209178,2.10612,Usage,us-east-1,,,prod
fd35cd24-4136-6933-8149-8f39c2f258d6,2026-03-02T00:00:00Z/2026-03-03T00:00:00Z,2026-03-02T00:00:00Z,2026-03-03T00:00:00Z,AmazonEC2,BoxUsage:m5.xlarge,RunInstances,15.528,2.257328,2.359562,Usage,us-east-1,,,prod
6cc85a70-18c0-baa2-fca6-1a8ea75eef8d,2026-03-02T00:00:00Z/2026-03-03T00:00:00Z,2026-03-02T00:00:00Z,2026-03-03T00:00:00Z,AmazonEC2,NatGateway-Hours,RunInstances,5.0558,2.136933,2.075807,Usage,us-east-1,,,prod
3f3da5ca-8467-478c-43e7-dc28a33a63bb,2026-03-02T00:00:00Z/2026-03-03T00:00:00Z,2026-03-02T00:00:00Z,2026-03-03T00:00:00Z,AmazonEC2,BoxUsage:m5.xlarge,RunInstances,12.3412,35.347304,37.016609,Usage,us-east-1,,,prod
b8865cae-0d10-4969-1969-2839bc3564b5,2026-03-02T00:00:00Z/2026-03-03T00:00:00Z,2026-03-02T00:00:00Z,2026-03-03T00:00:00Z,AmazonEC2,BoxUsage:m5.xlarge,RunInstances,11.4174,41.224794,42.850141,Usage,us-east-1,,,prod
e1a25143-5204-6b6f-e78b-84e36c000c7c,2026-03-02T00:00:00Z/2026-03-03T00:00:00Z,2026-03-02T00:00:00Z,2026-03-03T00:00:00Z,AmazonEC2,Other,RunInstances,16.4558,40.785685,41.908354,Usage,us-east-1,,,prod
8953e464-f440-0b2f-b8ad-6bf9f6696b03,2026-03-03T00:00:00Z/2026-03-04T00:00:00Z,2026-03-03T00:00:00Z,2026-03-04T00:00:00Z,AmazonEC2,BoxUsage:m5.xlarge,RunInstances,4.0866,2.18019,2.170381,Usage,us-east-1,,,prod
5bfa7b4f-c1f0-efd9-96af-339ad534cc9c,2026-03-03T00:00:00Z/2026-03-04T00:00:00Z,2026-03-03T00:00:00Z,2026-03-04T00:00:00Z,AmazonEC2,BoxUsage:m5.xlarge,RunInstances,4.2742,1.837699,1.858764,Usage,us-east-1,,,prod
1dc4e2e5-1867-07b3-9f7b-5628059e7f69,2026-03-03T00:00:00Z/2026-03-04T00:00:00Z,2026-03-03T00:00:00Z,2026-03-04T00:00:00Z,AmazonEC2,BoxUsage:m5.xlarge,RunInstances,8.8457,2.125552,2.170012,Usage,us-east-1,,,prod
3ede47d9-67f1-80d1-ff17-043dabb776b6,2026-03-03T00:00:00Z/2026-03-04T00:00:00Z,2026-03-03T00:00:00Z,2026-03-04T00:00:00Z,AmazonEC2,BoxUsage:m5.xlarge,RunInstances,5.2,2.283771,2.390464,Usage,us-east-1,,,prod
d5aae47f-b9c8-7693-423a-f5a5407130d3,2026-03-03T00:00:00Z/2026-03-04T00:00:00Z,2026-03-03T00:00:00Z,2026-03-04T00:00:00Z,AmazonEC2,BoxUsage:m5.xlarge,RunInstances,9.0593,1.72841,1.811548,Usage,us-east-1,,,prod
913224a7-f581-79d0-4237-c486d2b5ec7a,2026-03-03T00:00:00Z/2026-03-04T00:00:00Z,2026-03-03T00:00:00Z,2026-03-04T00:00:00Z,AmazonEC2,NatGateway-Hours,RunInstances,21.3545,2.126182,2.039761,Usage,us-east-1,,,prod
591a8cd0-e796-7342-87e0-c343590fa394,2026-03-03T00:00:00Z/2026-03-04T00:00:00Z,2026-03-03T00:00:00Z,2026-03-04T00:00:00Z,AmazonEC2,BoxUsage:m5.xlarge,RunInstances,9.2452,34.254349,34.889522,Usage,us-east-1,,,prod
9af55dcc-0cf2-0386-db4a-6fad1a469f34,2026-03-03T00:00:00Z/2026-03-04T00:00:00Z,2026-03-03T00:00:00Z,2026-03-04T00:00:00Z,AmazonEC2,BoxUsage:m5.xlarge,RunInstances,9.0425,36.074837,35.266979,Usage,us-east-1,,,prod
dd87e5fe-c026-d7b8-656d-290328a33309,2026-03-03T00:00:00Z/2026-03-04T00:00:00Z,2026-03-03T00:00:00Z,2026-03-04T00:00:00Z,AmazonEC2,Other,RunInstances,6.1697,34.350698,36.042811,Usage,us-east-1,,,prod
38553284-8846-5609-5864-395afb352512,2026-03-04T00:00:00Z/2026-03-05T00:00:00Z,2026-03-04T00:00:00Z,2026-03-05T00:00:00Z,AmazonEC2,BoxUsage:m5.xlarge,RunInstances,12.4218,1.746457,1.704036,Usage,us-east-1,,,prod
b44f7f46-5598-17c4-2079-21294142c782,2026-03-04T00:00:00Z/2026-03-05T00:00:00Z,2026-03-04T00:00:00Z,2026-03-05T00:00:00Z,AmazonEC2,BoxUsage:m5.xlarge,RunInstances,1.8725,1.753443,1.739307,Usage,us-east-1,,,prod
7bcfca6f-d64b-341e-7535-213de3a05af1,2026-03-04T00:00:00Z/2026-03-05T00:00:00Z,2026-03-04T00:00:00Z,2026-03-05T00:00:00Z,AmazonEC2,BoxUsage:m5.xlarge,RunInstances,23.07,2.201546,2.155751,Usage,us-east-1,,,prod
cb2d8f6a-1d02-c326-9338-d2ad31142587,2026-03-04T00:00:00Z/2026-03-05T00:00:00Z,2026-03-04T00:00:00Z,2026-03-05T00:00:00Z,AmazonEC2,BoxUsage:m5.xlarge,RunInstances,13.3534,2.063772,2.065334,Usage,us-east-1,,,prod
256d1103-d78f-e880-10c2-0af7dc984528,2026-03-04T00:00:00Z/2026-03-05T00:00:00Z,2026-03-04T00:00:00Z,2026-03-05T00:00:00Z,AmazonEC2,BoxUsage:m5.xlarge,RunInstances,17.0203,2.176942,2.18698,Usage,us-east-1,,,prod
760cb9ff-4b2f-f571-88d9-6e420c4f86ee,2026-03-04T00:00:00Z/2026-03-05T00:00:00Z,2026-03-04T00:00:00Z,2026-03-05T00:00:00Z,AmazonEC2,NatGateway-Hours,RunInstances,15.6789,1.957653,2.01147,Usage,us-east-1,,,prod
e4482b5c-8cda-6d71-8ee6-5bab70e0bfd2,2026-03-04T00:00:00Z/2026-03-05T00:00:00Z,2026-03-04T00:00:00Z,2026-03-05T00:00:00Z,AmazonEC2,BoxUsage:m5.xlarge,RunInstances,21.7022,42.648854,41.181663,Usage,us-east-1,,,prod
a4de39bd-e6bf-6c1a-9e6b-c3964ed2fe46,2026-03-04T00:00:00Z/2026-03-05T00:00:00Z,2026-03-04T00:00:00Z,2026-03-05T00:00:00Z,AmazonEC2,BoxUsage:m5.xlarge,RunInstances,11.1876,39.445644,41.408879,Usage,us-east-1,,,prod
63725c25-7f7d-b3ca-7964-9901a3de050a,2026-03-04T00:00:00Z/2026-03-05T00:00:00Z,2026-03-04T00:00:00Z,2026-03-05T00:00:00Z,AmazonEC2,Other,RunInstances,18.5176,35.648274,35.559515,Usage,us-east-1,,,prod
3cb315bc-0cca-0470-2dfd-b18bbced52ac,2026-03-05T00:00:00Z/2026-03-06T00:00:00Z,2026-03-05T00:00:00Z,2026-03-06T00:00:00Z,AmazonEC2,BoxUsage:m5.xlarge,RunInstances,19.215,1.75246,1.676778,Usage,us-east-1,,,prod
1d8e1574-6ea6-3b98-88bf-53da622983e9,2026-03-05T00:00:00Z/2026-03-06T00:00:00Z,2026-03-05T00:00:00Z,2026-03-06T00:00:00Z,AmazonEC2,BoxUsage:m5.xlarge,RunInstances,4.8642,2.258101,2.196813,Usage,us-east-1,,,prod
c20b2f68-414c-e50c-e3ea-df7878c6a468,2026-03-05T00:00:00Z/2026-03-06T00:00:00Z,2026-03-05T00:00:00Z,2026-03-06T00:00:00Z,AmazonEC2,BoxUsage:m5.xlarge,RunInstances,14.4782,1.990416,1.947926,Usage,us-east-1,,,prod
1fd2c19a-f38b-ca7d-159a-ca3ea99d5bb9,2026-03-05T00:00:00Z/2026-03-06T00:00:00Z,2026-03-05T00:00:00Z,2026-03-06T00:00:00Z,AmazonEC2,BoxUsage:m5.xlarge,RunInstances,17.3423,1.745445,1.691866,Usage,us-east-1,,,prod
8ae5ca15-d4d5-a133-d297-305bf752d0f2,2026-03-05T00:00:00Z/2026-03-06T00:00:00Z,2026-03-05T00:00:00Z,2026-03-06T00:00:00Z,AmazonEC2,BoxUsage:m5.xlarge,RunInstances,20.3433,1.828786,1.912584,Usage,us-east-1,,,prod
85c7c1b0-07de-b367-a8bd-19c15e06fae9,2026-03-05T00:00:00Z/2026-03-06T00:00:00Z,2026-03-05T00:00:00Z,2026-03-06T00:00:00Z,AmazonEC2,NatGateway-Hours,RunInstances,17.7762,1.927464,1.894755,Usage,us-east-1,,,prod
c3121262-c0e0-944f-d778-f8700c6bdb00,2026-03-05T00:00:00Z/2026-03-06T00:00:00Z,2026-03-05T00:00:00Z,2026-03-06T00:00:00Z,AmazonEC2,BoxUsage:m5.xlarge,RunInstances,23.4412,38.242411,36.620557,Usage,us-east-1,,,prod
e856706d-c592-bbc9-3a0a-9e5c59ad1a68,2026-03-05T00:00:00Z/2026-03-06T00:00:00Z,2026-03-05T00:00:00Z,2026-03-06T00:00:00Z,AmazonEC2,BoxUsage:m5.xlarge,RunInstances,8.0722,39.267774,41.197395,Usage,us-east-1,,,prod
f36ea292-bd37-f872-27d4-d63d24c52c53,2026-03-05T00:00:00Z/2026-03-06T00:00:00Z,2026-03-05T00:00:00Z,2026-03-06T00:00:00Z,AmazonEC2,Other,RunInstances,6.3195,37.557617,37.993175,Usage,us-east-1,,,prod
ad059778-86d2-0031-dae2-6233b8108143,2026-03-06T00:00:00Z/2026-03-07T00:00:00Z,2026-03-06T00:00:00Z,2026-03-07T00:00:00Z,AmazonEC2,BoxUsage:m5.xlarge,RunInstances,23.7317,1.975327,2.010157,Usage,us-east-1,,,prod
b3f09382-69fe-b26b-6cef-686fde7c9c1b,2026-03-06T00:00:00Z/2026-03-07T00:00:00Z,2026-03-06T00:00:00Z,2026-03-07T00:00:00Z,AmazonEC2,BoxUsage:m5.xlarge,RunInstances,22.4671,2.245189,2.181431,Usage,us-east-1,,,prod
cd494259-8b7e-e75b-eed9-1ab25aefa184,2026-03-06T00:00:00Z/2026-03-07T00:00:00Z,2026-03-06T00:00:00Z,2026-03-07T00:00:00Z,AmazonEC2,BoxUsage:m5.xlarge,RunInstances,21.0245,1.757724,1.75899,Usage,us-east-1,,,prod
f060961b-6266-846d-4945-cf5c1c8829e1,2026-03-06T00:00:00Z/2026-03-07T00:00:00Z,2026-03-06T00:00:00Z,2026-03-07T00:00:00Z,AmazonEC2,BoxUsage:m5.xlarge,RunInstances,6.4075,2.160857,2.169289,Usage,us-east-1,,,prod
1169d79e-f203-b1d7-3110-ece3470f1482,2026-03-06T00:00:00Z/2026-03-07T00:00:00Z,2026-03-06T00:00:00Z,2026-03-07T00:00:00Z,AmazonEC2,BoxUsage:m5.xlarge,RunInstances,14.5709,1.743001,1.684231,Usage,us-east-1,,,prod
a9c2ed77-daee-8945-3605-3124cd179d15,2026-03-06T00:00:00Z/2026-03-07T00:00:00Z,2026-03-06T00:00:00Z,2026-03-07T00:00:00Z,AmazonEC2,NatGateway-Hours,RunInstances,12.5827,1.782742,1.75944,Usage,us-east-1,,,prod
5228a0a5-fd36-7cbe-41ac-ea151c991076,2026-03-06T00:00:00Z/2026-03-07T00:00:00Z,2026-03-06T00:00:00Z,2026-03-07T00:00:00Z,AmazonEC2,BoxUsage:m5.xlarge,RunInstances,8.7871,42.074701,41.107873,Usage,us-east-1,,,prod
3c954a28-4d21-afde-2af3-3048a7681f9f,2026-03-06T00:00:00Z/2026-03-07T00:00:00Z,2026-03-06T00:00:00Z,2026-03-07T00:00:00Z,AmazonEC2,BoxUsage:m5.xlarge,RunInstances,3.2807,43.170147,42.090954,Usage,us-east-1,,,prod
55091657-61b7-192d-b85b-96e2755054f7,2026-03-06T00:00:00Z/2026-03-07T00:00:00Z,2026-03-06T00:00:00Z,2026-03-07T00:00:00Z,AmazonEC2,Other,RunInstances,22.6886,40.076934,41.94974,Usage,us-east-1,,,prod
f01ea2b8-05c3-3c6f-df6a-b31b2350e12c,2026-03-07T00:00:00Z/2026-03-08T00:00:00Z,2026-03-07T00:00:00Z,2026-03-08T00:00:00Z,AmazonEC2,BoxUsage:m5.xlarge,RunInstances,4.8111,1.999848,2.061504,Usage,us-east-1,,,prod
1ac69ff9-e85f-4879-252f-ca8567e544ec,2026-03-07T00:00:00Z/2026-03-08T00:00:00Z,2026-03-07T00:00:00Z,2026-03-08T00:00:00Z,AmazonEC2,BoxUsage:m5.xlarge,RunInstances,10.8232,1.931948,2.023555,Usage,us-east-1,,,prod
f488e6ef-1485-4d25-662e-cf16c880e65b,2026-03-07T00:00:00Z/2026-03-08T00:00:00Z,2026-03-07T00:00:00Z,2026-03-08T00:00:00Z,AmazonEC2,BoxUsage:m5.xlarge,RunInstances,16.5958,1.925799,1.960288,Usage,us-east-1,,,prod
cc6d3049-ecfa-ec22-f32c-44a0228175e8,2026-03-07T00:00:00Z/2026-03-08T00:00:00Z,2026-03-07T00:00:00Z,2026-03-08T00:00:00Z,AmazonEC2,BoxUsage:m5.xlarge,RunInstances,15.6911,1.712782,1.738024,Usage,us-east-1,,,prod
5fbb195e-1d26-082e-52c9-0312e2919df9,2026-03-07T00:00:00Z/2026-03-08T00:00:00Z,2026-03-07T00:00:00Z,2026-03-08T00:00:00Z,AmazonEC2,BoxUsage:m5.xlarge,RunInstances,19.6968,2.151628,2.106335,Usage,us-east-1,,,prod
04d2a188-bf0a-6129-5baa-4db471644fbf,2026-03-07T00:00:00Z/2026-03-08T00:00:00Z,2026-03-07T00:00:00Z,2026-03-08T00:00:00Z,AmazonEC2,NatGateway-Hours,RunInstances,10.4507,1.771854,1.754609,Usage,us-east-1,,,prod
9d45f536-c0d9-6bd3-4cef-1edbd9335ea3,2026-03-07T00:00:00Z/2026-03-08T00:00:00Z,2026-03-07T00:00:00Z,2026-03-08T00:00:00Z,AmazonEC2,BoxUsage:m5.xlarge,RunInstances,21.864,37.959473,36.731931,Usage,us-east-1,,,prod
0d73a1a4-d244-e52d-a2c2-39b80c65763b,2026-03-07T00:00:00Z/2026-03-08T00:00:00Z,2026-03-07T00:00:00Z,2026-03-08T00:00:00Z,AmazonEC2,BoxUsage:m5.xlarge,RunInstances,17.0619,41.770518,41.774877,Usage,us-east-1,,,prod
4a21c0ff-0f58-fa70-d443-aecf36c4f86b,2026-03-07T00:00:00Z/2026-03-08T00:00:00Z,2026-03-07T00:00:00Z,2026-03-08T00:00:00Z,AmazonEC2,Other,RunInstances,10.9406,44.283759,45.77513,Usage,us-east-1,,,prod
6791365d-a17a-eb03-7ae1-492f389b7d21,2026-03-08T00:00:00Z/2026-03-09T00:00:00Z,2026-03-08T00:00:00Z,2026-03-09T00:00:00Z,AmazonEC2,BoxUsage:m5.xlarge,RunInstances,2.7456,2.145342,2.059222,Usage,us-east-1,,,prod
1203faa0-2ec6-d89b-4e69-fde0cc0cb614,2026-03-08T00:00:00Z/2026-03-09T00:00:00Z,2026-03-08T00:00:00Z,2026-03-09T00:00:00Z,AmazonEC2,BoxUsage:m5.xlarge,RunInstances,20.1642,1.891647,1.798372,Usage,us-east-1,,,prod
1fb09607-8e1a-697d-d6a5-2bbea3219733,2026-03-08T00:00:00Z/2026-03-09T00:00:00Z,2026-03-08T00:00:00Z,2026-03-09T00:00:00Z,AmazonEC2,BoxUsage:m5.xlarge,RunInstances,16.0434,1.899252,1.913011,Usage,us-east-1,,,prod
577cbeb0-2814-237d-42bd-02ce42a3f040,2026-03-08T00:00:00Z/2026-03-09T00:00:00Z,2026-03-08T00:00:00Z,2026-03-09T00:00:00Z,AmazonEC2,BoxUsage:m5.xlarge,RunInstances,1.373,1.82104,1.886253,Usage,us-east-1,,,prod
b5e73e94-1938-71af-7f21-795693572b23,2026-03-08T00:00:00Z/2026-03-09T00:00:00Z,2026-03-08T00:00:00Z,2026-03-09T00:00:00Z,AmazonEC2,BoxUsage:m5.xlarge,RunInstances,8.3622,1.808471,1.896375,Usage,us-east-1,,,prod
7305a517-2777-6b94-c223-ed5ac380fcd4,2026-03-08T00:00:00Z/2026-03-09T00:00:00Z,2026-03-08T00:00:00Z,2026-03-09T00:00:00Z,AmazonEC2,NatGateway-Hours,RunInstances,21.8947,1.914889,1.848986,Usage,us-east-1,,,prod
4181e0d2-0e3d-d5d3-4f05-7c9b0fb6f029,2026-03-08T00:00:00Z/2026-03-09T00:00:00Z,2026-03-08T00:00:00Z,2026-03-09T00:00:00Z,AmazonEC2,BoxUsage:m5.xlarge,RunInstances,15.5846,40.843894,41.713561,Usage,us-east-1,,,prod
b391cfda-8ea5-d159-5e70-0256cb952069,2026-03-08T00:00:00Z/2026-03-09T00:00:00Z,2026-03-08T00:00:00Z,2026-03-09T00:00:00Z,AmazonEC2,BoxUsage:m5.xlarge,RunInstances,6.6111,39.647337,41.540446,Usage,us-east-1,,,prod
1099d46c-700e-b05f-3bab-35d22e131c37,2026-03-08T00:00:00Z/2026-03-09T00:00:00Z,2026-03-08T00:00:00Z,2026-03-09T00:00:00Z,AmazonEC2,Other,RunInstances,5.7252,37.520199,37.1863,Usage,us-east-1,,,prod
11528e14-3561-8320-1cad-bb6e63652dac,2026-03-09T00:00:00Z/2026-03-10T00:00:00Z,2026-03-09T00:00:00Z,2026-03-10T00:00:00Z,AmazonEC2,BoxUsage:m5.xlarge,RunInstances,9.1789,1.865504,1.851826,Usage,us-east-1,,,prod
5a7bdc28-ce18-f4fc-33ce-b1005c1daf6f,2026-03-09T00:00:00Z/2026-03-10T00:00:00Z,2026-03-09T00:00:00Z,2026-03-10T00:00:00Z,AmazonEC2,BoxUsage:m5.xlarge,RunInstances,16.5295,1.865008,1.896527,Usage,us-east-1,,,prod
1805ffd0-24f9-fce1-cf46-38cd0e082af3,2026-03-09T00:00:00Z/2026-03-10T00:00:00Z,2026-03-09T00:00:00Z,2026-03-10T00:00:00Z,AmazonEC2,BoxUsage:m5.xlarge,RunInstances,10.3943,1.831207,1.850466,Usage,us-east-1,,,prod
84868229-919a-d3af-01cb-512bac052e8c,2026-03-09T00:00:00Z/2026-03-10T00:00:00Z,2026-03-09T00:00:00Z,2026-03-10T00:00:00Z,AmazonEC2,BoxUsage:m5.xlarge,RunInstances,15.1372,1.911727,1.925545,Usage,us-east-1,,,prod
b98fa870-3603-dd73-2cda-1cfcd473b138,2026-03-09T00:00:00Z/2026-03-10T00:00:00Z,2026-03-09T00:00:00Z,2026-03-10T00:00:00Z,AmazonEC2,BoxUsage:m5.xlarge,RunInstances,15.2525,1.844247,1.865346,Usage,us-east-1,,,prod
81429246-8d80-ab61-205a-af3ff73d0a7a,2026-03-09T00:00:00Z/2026-03-10T00:00:00Z,2026-03-09T00:00:00Z,2026-03-10T00:00:00Z,AmazonEC2,NatGateway-Hours,RunInstances,6.5052,1.988464,1.994881,Usage,us-east-1,,,prod
5e7ab62c-0f89-4fdd-fabc-4a42b6491904,2026-03-09T00:00:00Z/2026-03-10T00:00:00Z,2026-03-09T00:00:00Z,2026-03-10T00:00:00Z,AmazonEC2,BoxUsage:m5.xlarge,RunInstances,10.5518,42.024252,42.816681,Usage,us-east-1,,,prod
c5706c7b-f5c6-05fc-332f-d71f8b965ffe,2026-03-09T00:00:00Z/2026-03-10T00:00:00Z,2026-03-09T00:00:00Z,2026-03-10T00:00:00Z,AmazonEC2,BoxUsage:m5.xlarge,RunInstances,9.1958,35.698811,35.309764,Usage,us-east-1,,,prod
62e77db6-99f8-2b42-83b6-c76ed5b3b5be,2026-03-09T00:00:00Z/2026-03-10T00:00:00Z,2026-03-09T00:00:00Z,2026-03-10T00:00:00Z,AmazonEC2,Other,RunInstances,8.6023,42.259523,40.328078,Usage,us-east-1,,,prod
616a8807-d83d-5452-7d3f-7974c660e435,2026-03-10T00:00:00Z/2026-03-11T00:00:00Z,2026-03-10T00:00:00Z,2026-03-11T00:00:00Z,AmazonEC2,BoxUsage:m5.xlarge,RunInstances,16.0275,2.260686,2.196146,Usage,us-east-1,,,prod
eb2ccadf-c103-1212-aa9b-c3b30afa74c1,2026-03-10T00:00:00Z/2026-03-11T00:00:00Z,2026-03-10T00:00:00Z,2026-03-11T00:00:00Z,AmazonEC2,BoxUsage:m5.xlarge,RunInstances,18.863,1.996599,1.940677,Usage,us-east-1,,,prod
bc3b599b-a575-d4a4-c14b-746129834c71,2026-03-10T00:00:00Z/2026-03-11T00:00:00Z,2026-03-10T00:00:00Z,2026-03-11T00:00:00Z,AmazonEC2,BoxUsage:m5.xlarge,RunInstances,8.6966,2.185204,2.116379,Usage,us-east-1,,,prod
94fe7e80-c0e8-4714-4431-596dc438f366,2026-03-10T00:00:00Z/2026-03-11T00:00:00Z,2026-03-10T00:00:00Z,2026-03-11T00:00:00Z,AmazonEC2,BoxUsage:m5.xlarge,RunInstances,7.6283,2.183879,2.245615,Usage,us-east-1,,,prod
8badf8ef-6363-e847-7c92-d282b3dc9a04,2026-03-10T00:00:00Z/2026-03-11T00:00:00Z,2026-03-10T00:00:00Z,2026-03-11T00:00:00Z,AmazonEC2,BoxUsage:m5.xlarge,RunInstances,9.6658,2.242124,2.252657,Usage,us-east-1,,,prod
8ba8313b-49e4-ef9c-1ea1-0614aff7a2b2,2026-03-10T00:00:00Z/2026-03-11T00:00:00Z,2026-03-10T00:00:00Z,2026-03-11T00:00:00Z,AmazonEC2,NatGateway-Hours,RunInstances,19.5899,2.011958,2.09696,Usage,us-east-1,,,prod
709b8e15-a4b2-1572-7fd6-ce759ec9f42e,2026-03-10T00:00:00Z/2026-03-11T00:00:00Z,2026-03-10T00:00:00Z,2026-03-11T00:00:00Z,AmazonEC2,BoxUsage:m5.xlarge,RunInstances,4.7482,42.823804,40.796515,Usage,us-east-1,,,prod
9d3cc01d-63f8-30fa-ab86-a82f599d096e,2026-03-10T00:00:00Z/2026-03-11T00:00:00Z,2026-03-10T00:00:00Z,2026-03-11T00:00:00Z,AmazonEC2,BoxUsage:m5.xlarge,RunInstances,13.6124,38.756603,40.656159,Usage,us-east-1,,,prod
e1a8108a-1d98-aec8-1977-939f868e7548,2026-03-10T00:00:00Z/2026-03-11T00:00:00Z,2026-03-10T00:00:00Z,2026-03-11T00:00:00Z,AmazonEC2,Other,RunInstances,21.0676,44.139658,46.132869,Usage,us-east-1,,,prod
27769b2c-1900-cb59-9487-aed9167d9510,2026-03-11T00:00:00Z/2026-03-12T00:00:00Z,2026-03-11T00:00:00Z,2026-03-12T00:00:00Z,AmazonEC2,BoxUsage:m5.xlarge,RunInstances,17.6459,2.01158,2.088741,Usage,us-east-1,,,prod
5ebc0452-e82b-0363-f656-0fbd7af6d3ed,2026-03-11T00:00:00Z/2026-03-12T00:00:00Z,2026-03-11T00:00:00Z,2026-03-12T00:00:00Z,AmazonEC2,BoxUsage:m5.xlarge,RunInstances,19.4666,2.195848,2.188685,Usage,us-east-1,,,prod
a7dc70c6-02dd-abbd-cddf-2c34d77d67a7,2026-03-11T00:00:00Z/2026-03-12T00:00:00Z,2026-03-11T00:00:00Z,2026-03-12T00:00:00Z,AmazonEC2,BoxUsage:m5.xlarge,RunInstances,8.5732,2.192236,2.164786,Usage,us-east-1,,,prod
d9416919-4df5-84e2-315b-521260788117,2026-03-11T00:00:00Z/2026-03-12T00:00:00Z,2026-03-11T00:00:00Z,2026-03-12T00:00:00Z,AmazonEC2,BoxUsage:m5.xlarge,RunInstances,23.1878,2.084542,2.150608,Usage,us-east-1,,,prod
5f443676-012f-1407-dc63-5b826f1be777,2026-03-11T00:00:00Z/2026-03-12T00:00:00Z,2026-03-11T00:00:00Z,2026-03-12T00:00:00Z,AmazonEC2,BoxUsage:m5.xlarge,RunInstances,13.0118,2.285086,2.358128,Usage,us-east-1,,,prod
22636b51-503c-56cc-ecb4-24268f6e6d3e,2026-03-11T00:00:00Z/2026-03-12T00:00:00Z,2026-03-11T00:00:00Z,2026-03-12T00:00:00Z,AmazonEC2,NatGateway-Hours,RunInstances,19.1319,1.999372,2.001816,Usage,us-east-1,,,prod
f2fac9d5-c5b3-caab-9131-6ee731bca868,2026-03-11T00:00:00Z/2026-03-12T00:00:00Z,2026-03-11T00:00:00Z,2026-03-12T00:00:00Z,AmazonEC2,BoxUsage:m5.xlarge,RunInstances,18.7815,38.070997,36.516599,Usage,us-east-1,,,prod
8b06053c-4fac-5312-102a-44734627f0ae,2026-03-11T00:00:00Z/2026-03-12T00:00:00Z,2026-03-11T00:00:00Z,2026-03-12T00:00:00Z,AmazonEC2,BoxUsage:m5.xlarge,RunInstances,1.3148,41.517383,42.924387,Usage,us-east-1,,,prod
54ae2476-790a-b304-4ba0-8ee2bc34920a,2026-03-11T00:00:00Z/2026-03-12T00:00:00Z,2026-03-11T00:00:00Z,2026-03-12T00:00:00Z,AmazonEC2,Other,RunInstances,10.9969,41.612027,42.680733,Usage,us-east-1,,,prod
74239094-66ff-23d5-8e74-576156958972,2026-03-12T00:00:00Z/2026-03-13T00:00:00Z,2026-03-12T00:00:00Z,2026-03-13T00:00:00Z,AmazonEC2,BoxUsage:m5.xlarge,RunInstances,10.0421,2.143198,2.154962,Usage,us-east-1,,,prod
7ddcf7cd-454f-e532-6df3-f21292bcc1ac,2026-03-12T00:00:00Z/2026-03-13T00:00:00Z,2026-03-12T00:00:00Z,2026-03-13T00:00:00Z,AmazonEC2,BoxUsage:m5.xlarge,RunInstances,2.7812,1.903436,1.929696,Usage,us-east-1,,,prod
dc1db1bf-0659-0b25-0f49-52606b9eea2f,2026-03-12T00:00:00Z/2026-03-13T00:00:00Z,2026-03-12T00:00:00Z,2026-03-13T00:00:00Z,AmazonEC2,BoxUsage:m5.xlarge,RunInstances,4.0468,2.270019,2.19741,Usage,us-east-1,,,prod
0233fa07-42d0-b87a-226b-951585010bf0,2026-03-12T00:00:00Z/2026-03-13T00:00:00Z,2026-03-12T00:00:00Z,2026-03-13T00:00:00Z,AmazonEC2,BoxUsage:m5.xlarge,RunInstances,7.3795,1.763843,1.825017,Usage,us-east-1,,,prod
873e87d6-d5e1-3dff-74c7-558067a39d41,2026-03-12T00:00:00Z/2026-03-13T00:00:00Z,2026-03-12T00:00:00Z,2026-03-13T00:00:00Z,AmazonEC2,BoxUsage:m5.xlarge,RunInstances,7.0284,1.779598,1.727299,Usage,us-east-1,,,prod
7c4fb2cf-a187-82bf-ff2c-6337b8e8276d,2026-03-12T00:00:00Z/2026-03-13T00:00:00Z,2026-03-12T00:00:00Z,2026-03-13T00:00:00Z,AmazonEC2,NatGateway-Hours,RunInstances,13.17,2.031874,1.945045,Usage,us-east-1,,,prod
e2c03fb4-37b4-74be-bcdf-68437794067b,2026-03-12T00:00:00Z/2026-03-13T00:00:00Z,2026-03-12T00:00:00Z,2026-03-13T00:00:00Z,AmazonEC2,BoxUsage:m5.xlarge,RunInstances,11.7191,35.817274,36.397052,Usage,us-east-1,,,prod
93bd3af9-9d5a-b7f9-52c3-e4057a3b14b1,2026-03-12T00:00:00Z/2026-03-13T00:00:00Z,2026-03-12T00:00:00Z,2026-03-13T00:00:00Z,AmazonEC2,BoxUsage:m5.xlarge,RunInstances,1.5872,39.088043,37.969878,Usage,us-east-1,,,prod
2c25b14d-edd9-9fbd-2b0d-d1f08d496228,2026-03-12T00:00:00Z/2026-03-13T00:00:00Z,2026-03-12T00:00:00Z,2026-03-13T00:00:00Z,AmazonEC2,Other,RunInstances,22.9644,37.532372,35.960879,Usage,us-east-1,,,prod
52004d0f-7621-a45b-b2fa-2394798e3048,2026-03-13T00:00:00Z/2026-03-14T00:00:00Z,2026-03-13T00:00:00Z,2026-03-14T00:00:00Z,AmazonEC2,BoxUsage:m5.xlarge,RunInstances,19.0589,2.250277,2.295051,Usage,us-east-1,,,prod
f85b80b0-b6e5-a520-d653-c7a4b07512bb,2026-03-13T00:00:00Z/2026-03-14T00:00:00Z,2026-03-13T00:00:00Z,2026-03-14T00:00:00Z,AmazonEC2,BoxUsage:m5.xlarge,RunInstances,17.9712,1.922097,1.92903,Usage,us-east-1,,,prod
984a23f0-38b7-f0b2-56cb-d0d89ffd1b90,2026-03-13T00:00:00Z/2026-03-14T00:00:00Z,2026-03-13T00:00:00Z,2026-03-14T00:00:00Z,AmazonEC2,BoxUsage:m5.xlarge,RunInstances,11.6659,2.111145,2.116016,Usage,us-east-1,,,prod
b20f591d-532d-b3ba-cad4-596ba67bf666,2026-03-13T00:00:00Z/2026-03-14T00:00:00Z,2026-03-13T00:00:00Z,2026-03-14T00:00:00Z,AmazonEC2,BoxUsage:m5.xlarge,RunInstances,13.8643,2.122645,2.174122,Usage,us-east-1,,,prod
f8908c80-30f4-8e4b-6ef7-9a5b8bc2b9a4,2026-03-13T00:00:00Z/2026-03-14T00:00:00Z,2026-03-13T00:00:00Z,2026-03-14T00:00:00Z,AmazonEC2,BoxUsage:m5.xlarge,RunInstances,21.94,1.794064,1.760464,Usage,us-east-1,,,prod
da4dc9b6-9761-8532-7b08-732b910e5dfe,2026-03-13T00:00:00Z/2026-03-14T00:00:00Z,2026-03-13T00:00:00Z,2026-03-14T00:00:00Z,AmazonEC2,NatGateway-Hours,RunInstances,23.1782,1.738072,1.737105,Usage,us-east-1,,,prod
bb0eb6fa-fad3-ce50-1741-e530a592a3ea,2026-03-13T00:00:00Z/2026-03-14T00:00:00Z,2026-03-13T00:00:00Z,2026-03-14T00:00:00Z,AmazonEC2,BoxUsage:m5.xlarge,RunInstances,20.5053,42.344539,44.038882,Usage,us-east-1,,,prod
f3b5f4b4-7bd7-9fb0-8383-f8bededd1e97,2026-03-13T00:00:00Z/2026-03-14T00:00:00Z,2026-03-13T00:00:00Z,2026-03-14T00:00:00Z,AmazonEC2,BoxUsage:m5.xlarge,RunInstances,10.2579,39.765138,38.498091,Usage,us-east-1,,,prod
c306042a-70cf-79f7-5c91-48767137cb2f,2026-03-13T00:00:00Z/2026-03-14T00:00:00Z,2026-03-13T00:00:00Z,2026-03-14T00:00:00Z,AmazonEC2,Other,RunInstances,3.0683,41.789655,42.467931,Usage,us-east-1,,,prod
7e6b805c-aaf6-7d00-0b24-6d3128e82e3c,2026-03-14T00:00:00Z/2026-03-15T00:00:00Z,2026-03-14T00:00:00Z,2026-03-15T00:00:00Z,AmazonEC2,BoxUsage:m5.xlarge,RunInstances,5.5504,1.914297,2.00463,Usage,us-east-1,,,prod
e9d9acf9-81a2-d129-6165-846b7ba7ae4a,2026-03-14T00:00:00Z/2026-03-15T00:00:00Z,2026-03-14T00:00:00Z,2026-03-15T00:00:00Z,AmazonEC2,BoxUsage:m5.xlarge,RunInstances,16.8037,2.235625,2.321452,Usage,us-east-1,,,prod
6f200fc3-9a21-c0af-c296-97f4dafc042b,2026-03-14T00:00:00Z/2026-03-15T00:00:00Z,2026-03-14T00:00:00Z,2026-03-15T00:00:00Z,AmazonEC2,BoxUsage:m5.xlarge,RunInstances,14.168,1.890505,1.907481,Usage,us-east-1,,,prod
122cbd09-c3e7-a25e-7baa-93b944380c84,2026-03-14T00:00:00Z/2026-03-15T00:00:00Z,2026-03-14T00:00:00Z,2026-03-15T00:00:00Z,AmazonEC2,BoxUsage:m5.xlarge,RunInstances,3.0447,1.731007,1.722536,Usage,us-east-1,,,prod
f6416588-cebf-b5b6-4eeb-42a08d03c448,2026-03-14T00:00:00Z/2026-03-15T00:00:00Z,2026-03-14T00:00:00Z,2026-03-15T00:00:00Z,AmazonEC2,BoxUsage:m5.xlarge,RunInstances,16.049,2.081406,2.000517,Usage,us-east-1,,,prod
f99e3ab4-203c-32e5-15f4-6ddd2e424495,2026-03-14T00:00:00Z/2026-03-15T00:00:00Z,2026-03-14T00:00:00Z,2026-03-15T00:00:00Z,AmazonEC2,NatGateway-Hours,RunInstances,5.3574,1.929849,1.877849,Usage,us-east-1,,,prod
9678caf6-59b3-384e-c52e-92c43860b678,2026-03-14T00:00:00Z/2026-03-15T00:00:00Z,2026-03-14T00:00:00Z,2026-03-15T00:00:00Z,AmazonEC2,BoxUsage:m5.xlarge,RunInstances,18.0778,38.584716,38.679218,Usage,us-east-1,,,prod
343fbeb3-4ed5-342a-5035-036c6fd338bb,2026-03-14T00:00:00Z/2026-03-15T00:00:00Z,2026-03-14T00:00:00Z,2026-03-15T00:00:00Z,AmazonEC2,BoxUsage:m5.xlarge,RunInstances,16.1809,44.450148,45.008447,Usage,us-east-1,,,prod
12fbb580-83b4-eb7d-8efc-931dbee1eb96,2026-03-14T00:00:00Z/2026-03-15T00:00:00Z,2026-03-14T00:00:00Z,2026-03-15T00:00:00Z,AmazonEC2,Other,RunInstances,13.5765,42.293833,40.476893,Usage,us-east-1,,,prod
56929ff6-4d7e-ede4-18a8-df95955ffddb,2026-03-15T00:00:00Z/2026-03-16T00:00:00Z,2026-03-15T00:00:00Z,2026-03-16T00:00:00Z,AmazonEC2,BoxUsage:m5.xlarge,RunInstances,11.6917,1.777006,1.832614,Usage,us-east-1,,,prod
51f45557-caa5-8ddf-52fa-4db5f48aa245,2026-03-15T00:00:00Z/2026-03-16T00:00:00Z,2026-03-15T00:00:00Z,2026-03-16T00:00:00Z,AmazonEC2,BoxUsage:m5.xlarge,RunInstances,5.0072,2.019388,1.986258,Usage,us-east-1,,,prod
a9f9a830-bdcc-c7c0-3ccb-5927a3cc5bb7,2026-03-15T00:00:00Z/2026-03-16T00:00:00Z,2026-03-15T00:00:00Z,2026-03-16T00:00:00Z,AmazonEC2,BoxUsage:m5.xlarge,RunInstances,17.6204,1.966381,1.898902,Usage,us-east-1,,,prod
707bed09-0789-ed7d-a659-d090d4474eaa,2026-03-15T00:00:00Z/2026-03-16T00:00:00Z,2026-03-15T00:00:00Z,2026-03-16T00:00:00Z,AmazonEC2,BoxUsage:m5.xlarge,RunInstances,19.0165,1.97816,2.037064,Usage,us-east-1,,,prod
6c8f251b-ef13-a529-f3d8-72a6db7c7030,2026-03-15T00:00:00Z/2026-03-16T00:00:00Z,2026-03-15T00:00:00Z,2026-03-16T00:00:00Z,AmazonEC2,BoxUsage:m5.xlarge,RunInstances,14.5286,2.219279,2.155758,Usage,us-east-1,,,prod
edb62e83-9d1e-438a-fb1b-33bc81f1697d,2026-03-15T00:00:00Z/2026-03-16T00:00:00Z,2026-03-15T00:00:00Z,2026-03-16T00:00:00Z,AmazonEC2,NatGateway-Hours,RunInstances,5.1717,2.262266,2.246379,Usage,us-east-1,,,prod
1c213eba-156f-0075-231a-e9aba1b79a3e,2026-03-15T00:00:00Z/2026-03-16T00:00:00Z,2026-03-15T00:00:00Z,2026-03-16T00:00:00Z,AmazonEC2,BoxUsage:m5.xlarge,RunInstances,4.4991,42.310473,41.653199,Usage,us-east-1,,,prod
c2a3a89c-f568-8e2a-178c-a3c77283dfff,2026-03-15T00:00:00Z/2026-03-16T00:00:00Z,2026-03-15T00:00:00Z,2026-03-16T00:00:00Z,AmazonEC2,BoxUsage:m5.xlarge,RunInstances,15.2061,37.468995,36.160121,Usage,us-east-1,,,prod
4c8f8714-1751-b1c3-def9-57fea6ba2f26,2026-03-15T00:00:00Z/2026-03-16T00:00:00Z,2026-03-15T00:00:00Z,2026-03-16T00:00:00Z,AmazonEC2,Other,RunInstances,13.253,36.597649,35.142804,Usage,us-east-1,,,prod
91c7840c-4ad6-c1d0-4e35-0d852e237764,2026-03-16T00:00:00Z/2026-03-17T00:00:00Z,2026-03-16T00:00:00Z,2026-03-17T00:00:00Z,AmazonEC2,BoxUsage:m5.xlarge,RunInstances,19.4777,2.034808,2.09175,Usage,us-east-1,,,prod
68e9d265-fc84-5c95-51ab-f107d81e78fc,2026-03-16T00:00:00Z/2026-03-17T00:00:00Z,2026-03-16T00:00:00Z,2026-03-17T00:00:00Z,AmazonEC2,BoxUsage:m5.xlarge,RunInstances,12.7149,1.732196,1.648282,Usage,us-east-1,,,prod
2b4668d7-175a-0523-4262-cf4b9d009bfe,2026-03-16T00:00:00Z/2026-03-17T00:00:00Z,2026-03-16T00:00:00Z,2026-03-17T00:00:00Z,AmazonEC2,BoxUsage:m5.xlarge,RunInstances,21.1111,1.830776,1.913667,Usage,us-east-1,,,prod
89395797-9cde-459d-72d4-946b5742aa52,2026-03-16T00:00:00Z/2026-03-17T00:00:00Z,2026-03-16T00:00:00Z,2026-03-17T00:00:00Z,AmazonEC2,BoxUsage:m5.xlarge,RunInstances,12.2926,2.071012,2.064215,Usage,us-east-1,,,prod
d31f78c5-ed11-5af4-501c-c5c94e77e4af,2026-03-16T00:00:00Z/2026-03-17T00:00:00Z,2026-03-16T00:00:00Z,2026-03-17T00:00:00Z,AmazonEC2,BoxUsage:m5.xlarge,RunInstances,9.3959,1.738637,1.815593,Usage,us-east-1,,,prod
20a45291-a27d-3b42-b462-d2b4070ec116,2026-03-16T00:00:00Z/2026-03-17T00:00:00Z,2026-03-16T00:00:00Z,2026-03-17T00:00:00Z,AmazonEC2,NatGateway-Hours,RunInstances,12.3062,2.130088,2.229481,Usage,us-east-1,,,prod
9f7a56dc-e665-a627-26f8-92cfce9c1b86,2026-03-16T00:00:00Z/2026-03-17T00:00:00Z,2026-03-16T00:00:00Z,2026-03-17T00:00:00Z,AmazonEC2,BoxUsage:m5.xlarge,RunInstances,11.4009,44.174735,43.587368,Usage,us-east-1,,,prod
72447bcb-91fd-d04d-9bc2-3eb87392919b,2026-03-16T00:00:00Z/2026-03-17T00:00:00Z,2026-03-16T00:00:00Z,2026-03-17T00:00:00Z,AmazonEC2,BoxUsage:m5.xlarge,RunInstances,21.0752,35.706713,34.345607,Usage,us-east-1,,,prod
4935cb5f-b87a-e402-e359-e160bac0dfbb,2026-03-16T00:00:00Z/2026-03-17T00:00:00Z,2026-03-16T00:00:00Z,2026-03-17T00:00:00Z,AmazonEC2,Other,RunInstances,9.3266,38.689372,38.663129,Usage,us-east-1,,,prod
66eab25c-ceb0-8865-37e5-56f982e82b7d,2026-03-17T00:00:00Z/2026-03-18T00:00:00Z,2026-03-17T00:00:00Z,2026-03-18T00:00:00Z,AmazonEC2,BoxUsage:m5.xlarge,RunInstances,4.1448,1.858334,1.788931,Usage,us-east-1,,,prod
7a83f847-2bc5-6e74-9985-64914935c4e7,2026-03-17T00:00:00Z/2026-03-18T00:00:00Z,2026-03-17T00:00:00Z,2026-03-18T00:00:00Z,AmazonEC2,BoxUsage:m5.xlarge,RunInstances,23.3403,1.900959,1.879832,Usage,us-east-1,,,prod
79d72405-5f12-e8c0-2b07-33f20139cb4f,2026-03-17T00:00:00Z/2026-03-18T00:00:00Z,2026-03-17T00:00:00Z,2026-03-18T00:00:00Z,AmazonEC2,BoxUsage:m5.xlarge,RunInstances,19.6934,1.926726,1.868285,Usage,us-east-1,,,prod
3f86d475-8a4d-8381-ce15-463c2741b310,2026-03-17T00:00:00Z/2026-03-18T00:00:00Z,2026-03-17T00:00:00Z,2026-03-18T00:00:00Z,AmazonEC2,BoxUsage:m5.xlarge,RunInstances,3.2057,2.177973,2.123686,Usage,us-east-1,,,prod
97667740-49d7-7f1d-fb2f-9ed24466bbae,2026-03-17T00:00:00Z/2026-03-18T00:00:00Z,2026-03-17T00:00:00Z,2026-03-18T00:00:00Z,AmazonEC2,BoxUsage:m5.xlarge,RunInstances,10.5589,2.181935,2.138695,Usage,us-east-1,,,prod
3617e372-a03d-defe-3213-b6d489bffdea,2026-03-17T00:00:00Z/2026-03-18T00:00:00Z,2026-03-17T00:00:00Z,2026-03-18T00:00:00Z,AmazonEC2,NatGateway-Hours,RunInstances,20.3638,2.101797,2.17599,Usage,us-east-1,,,prod
1066d6e4-1bb7-9f27-79d6-8fc972da7cb9,2026-03-17T00:00:00Z/2026-03-18T00:00:00Z,2026-03-17T00:00:00Z,2026-03-18T00:00:00Z,AmazonEC2,BoxUsage:m5.xlarge,RunInstances,12.5561,41.856498,40.060217,Usage,us-east-1,,,prod
a6c7fce9-7e49-3733-bd21-5f510fecc471,2026-03-17T00:00:00Z/2026-03-18T00:00:00Z,2026-03-17T00:00:00Z,2026-03-18T00:00:00Z,AmazonEC2,BoxUsage:m5.xlarge,RunInstances,18.7778,36.930008,36.934186,Usage,us-east-1,,,prod
82f56462-04a5-4752-393d-f20fd10b6360,2026-03-17T00:00:00Z/2026-03-18T00:00:00Z,2026-03-17T00:00:00Z,2026-03-18T00:00:00Z,AmazonEC2,Other,RunInstances,3.9245,40.215201,42.15874,Usage,us-east-1,,,prod
88690f90-458b-2073-1abf-7d3622e55b9a,2026-03-18T00:00:00Z/2026-03-19T00:00:00Z,2026-03-18T00:00:00Z,2026-03-19T00:00:00Z,AmazonEC2,BoxUsage:m5.xlarge,RunInstances,19.9438,2.260185,2.323662,Usage,us-east-1,,,prod
0abb265b-eb10-c3ef-5d90-9a1ce264fee0,2026-03-18T00:00:00Z/2026-03-19T00:00:00Z,2026-03-18T00:00:00Z,2026-03-19T00:00:00Z,AmazonEC2,BoxUsage:m5.xlarge,RunInstances,21.379,1.90342,1.893511,Usage,us-east-1,,,prod
fe26c632-1739-c704-ebd6-187ce7dffb8e,2026-03-18T00:00:00Z/2026-03-19T00:00:00Z,2026-03-18T00:00:00Z,2026-03-19T00:00:00Z,AmazonEC2,BoxUsage:m5.xlarge,RunInstances,23.6487,1.972799,1.92734,Usage,us-east-1,,,prod
34d3293e-d87c-d4d5-abe0-906d9d803601,2026-03-18T00:00:00Z/2026-03-19T00:00:00Z,2026-03-18T00:00:00Z,2026-03-19T00:00:00Z,AmazonEC2,BoxUsage:m5.xlarge,RunInstances,23.2209,1.736819,1.655927,Usage,us-east-1,,,prod
a8746705-5c04-5374-c88c-fec991a5c4ec,2026-03-18T00:00:00Z/2026-03-19T00:00:00Z,2026-03-18T00:00:00Z,2026-03-19T00:00:00Z,AmazonEC2,BoxUsage:m5.xlarge,RunInstances,5.3751,2.236598,2.267666,Usage,us-east-1,,,prod
e3fd70e7-ab17-c88e-7d85-77d95ae86c64,2026-03-18T00:00:00Z/2026-03-19T00:00:00Z,2026-03-18T00:00:00Z,2026-03-19T00:00:00Z,AmazonEC2,NatGateway-Hours,RunInstances,17.9732,2.123057,2.141438,Usage,us-east-1,,,prod
4d11dbed-2c9f-1173-9349-fbb9c7260196,2026-03-18T00:00:00Z/2026-03-19T00:00:00Z,2026-03-18T00:00:00Z,2026-03-19T00:00:00Z,AmazonEC2,BoxUsage:m5.xlarge,RunInstances,17.5024,37.47671,37.918814,Usage,us-east-1,,,prod
66c1c953-eabc-d278-e65c-79ac1b64f691,2026-03-18T00:00:00Z/2026-03-19T00:00:00Z,2026-03-18T00:00:00Z,2026-03-19T00:00:00Z,AmazonEC2,BoxUsage:m5.xlarge,RunInstances,9.0142,43.083451,43.564356,Usage,us-east-1,,,prod
60a809c6-8c41-422f-1eef-0f3132436ebf,2026-03-18T00:00:00Z/2026-03-19T00:00:00Z,2026-03-18T00:00:00Z,2026-03-19T00:00:00Z,AmazonEC2,Other,RunInstances,19.9008,34.708583,35.854729,Usage,us-east-1,,,prod
